Date,Time,Estádio,Cidade,País,Endereço completo,Horario_Local,Temperatura
"sáb, 22/01/11",13:00,Gaughan Group Stadium,Greater London,United Kingdom,"Brisbane Road, Leyton, London Borough of Waltham Forest, London, Greater London, England, E10 5NF, United Kingdom",2011-01-22 15:00 (GMT),6.7
"sáb, 12/02/11",13:00,Gaughan Group Stadium,Greater London,United Kingdom,"Brisbane Road, Leyton, London Borough of Waltham Forest, London, Greater London, England, E10 5NF, United Kingdom",2011-02-12 15:00 (GMT),10.5
"sáb, 26/02/11",12:00,John Smith's Stadium,West Yorkshire,United Kingdom,"John Smith’s Stadium, Stadium Way, Grove Place, Huddersfield, Kirklees, West Yorkshire, England, HD1 6PG, United Kingdom",2011-02-26 15:00 (GMT),6.8
"ter, 08/03/11",16:45,Banks's Stadium,West Midlands,United Kingdom,"Poundland Bescot Stadium, Bescot Crescent, Bescot, Darlaston, Walsall, West Midlands, England, WS1 4SA, United Kingdom",2011-03-08 19:45 (GMT),5.0
"qui, 15/12/11",16:00,Tallaght Stadium,County Dublin,Éire / Ireland,"Tallaght Stadium, Dublin, Ireland",2011-12-15 18:00:00,1.8
"ter, 17/01/12",17:45,The Den,Greater London,United Kingdom,"The Den, John Berylson Way, South Bermondsey, Bermondsey, London Borough of Lewisham, London, Greater London, England, SE16 3LA, United Kingdom",2012-01-17 19:45 (GMT),5.5
"sáb, 25/02/12",13:00,Turf Moor,Lancashire,United Kingdom,"Turf Moor, Harry Potts Way, Pike Hill, Fulledge, Burnley, Lancashire, England, BB10 4AX, United Kingdom",2012-02-25 15:00 (GMT),6.4
"ter, 06/03/12",16:45,Weston Homes Stadium,Cambridgeshire and Peterborough,United Kingdom,"Weston Homes Stadium, London Road, New Fletton, Peterborough, City of Peterborough, Cambridgeshire and Peterborough, England, PE2 8AL, United Kingdom",2012-03-06 19:45 (GMT),4.3
"ter, 20/03/12",16:45,Keepmoat Stadium,South Yorkshire,United Kingdom,"Eco-Power Stadium, Stadium Way, Lakeside Village Outlet, Lakeside, Doncaster, South Yorkshire, England, DN4 5JW, United Kingdom",2012-03-20 19:45 (GMT),9.0
"sáb, 07/04/12",11:00,The Den,Greater London,United Kingdom,"The Den, John Berylson Way, South Bermondsey, Bermondsey, London Borough of Lewisham, London, Greater London, England, SE16 3LA, United Kingdom",2012-04-07 15:00 (BST),9.6
"ter, 10/04/12",15:45,Fratton Park,Portsmouth,United Kingdom,"Fratton Park, Frogmore Road, Milton, Portsmouth, England, PO4 8RA, United Kingdom",2012-04-10 19:45 (BST),8.5
"sáb, 14/04/12",11:00,The Den,Greater London,United Kingdom,"The Den, John Berylson Way, South Bermondsey, Bermondsey, London Borough of Lewisham, London, Greater London, England, SE16 3LA, United Kingdom",2012-04-14 15:00 (BST),11.9
"sáb, 28/04/12",08:30,The Den,Greater London,United Kingdom,"The Den, John Berylson Way, South Bermondsey, Bermondsey, London Borough of Lewisham, London, Greater London, England, SE16 3LA, United Kingdom",2012-04-28 12:30 (BST),9.4
"seg, 17/12/12",11:00,Colney Training Centre,Norfolk,United Kingdom,"Lotus Training Centre, Colney, Norwich, Norfolk, England, NR4 7TS, United Kingdom",2012-12-17 15:00 (GMT),6.0
"seg, 04/02/13",10:00,Hotspur Way,Greater London,United Kingdom,"Hotspur Way, Bulls Cross, London Borough of Enfield, London, Greater London, England, EN2 9AP, United Kingdom",2013-02-04 12:00 (GMT),10.1
"ter, 26/02/13",16:45,King Power Stadium,City of Leicester,United Kingdom,"King Power Stadium, Filbert Way, Bede Island, Leicester, City of Leicester, England, LE2 7FL, United Kingdom",2013-02-26 19:45 (GMT),2.3
"sex, 26/04/13",15:45,King Power Stadium,City of Leicester,United Kingdom,"King Power Stadium, Filbert Way, Bede Island, Leicester, City of Leicester, England, LE2 7FL, United Kingdom",2013-04-26 19:45 (BST),6.2
"sex, 09/08/13",15:50,Electrical Services Stadium,Aldershot,England,"Aldershot GU11 1TS, Reino Unido",2013-08-09 19:50 (BST),17.6
"seg, 19/08/13",08:00,Hotspur Way,Greater London,United Kingdom,"Hotspur Way, Bulls Cross, London Borough of Enfield, London, Greater London, England, EN2 9AP, United Kingdom",2013-08-19 12:00 (BST),20.6
"seg, 16/09/13",15:00,Pirelli Stadium,Staffordshire,United Kingdom,"Pirelli Stadium, Princess Way, Eton Park, Horninglow and Eton, Burton upon Trent, East Staffordshire, Staffordshire, England, DE13 0AR, United Kingdom",2013-09-16 19:00 (BST),9.6
"qua, 30/10/13",17:45,White Hart Lane,Greater London,United Kingdom,"Tottenham Hotspur Stadium, Park Lane Square, London Borough of Haringey, London, Greater London, England, N17 0AP, United Kingdom",2013-10-30 19:45 (GMT),11.9
"ter, 14/01/14",10:00,Hotspur Way,Greater London,United Kingdom,"Hotspur Way, Bulls Cross, London Borough of Enfield, London, Greater London, England, EN2 9AP, United Kingdom",2014-01-14 12:00 (GMT),5.5
"seg, 10/03/14",09:00,Hotspur Way,Greater London,United Kingdom,"Hotspur Way, Bulls Cross, London Borough of Enfield, London, Greater London, England, EN2 9AP, United Kingdom",2014-03-10 12:00 (GMT),11.2
"seg, 07/04/14",16:00,White Hart Lane,Greater London,United Kingdom,"Tottenham Hotspur Stadium, Park Lane Square, London Borough of Haringey, London, Greater London, England, N17 0AP, United Kingdom",2014-04-07 20:00 (BST),11.1
"sáb, 12/04/14",11:05,The Hawthorns,West Midlands,United Kingdom,"The Hawthorns, Halfords Lane, West Bromwich, Sandwell, West Midlands, England, B71 4LF, United Kingdom",2014-04-12 15:05 (BST),12.9
"sáb, 19/04/14",08:45,White Hart Lane,Greater London,United Kingdom,"Tottenham Hotspur Stadium, Park Lane Square, London Borough of Haringey, London, Greater London, England, N17 0AP, United Kingdom",2014-04-19 12:45 (BST),11.6
"qui, 21/08/14",13:00,Antonis Papadopoulos,Επαρχία Λάρνακας,Κύπρος - Kıbrıs,"Antonis Papadopoulos Stadium, Λεωφόρος Παπανικολή, Σωτήρος, Δήμος Λάρνακας, Επαρχία Λάρνακας, Κύπρος, 6052, Κύπρος - Kıbrıs",2014-08-21 19:00 (EEST),
"qui, 28/08/14",15:45,White Hart Lane,Greater London,United Kingdom,"Tottenham Hotspur Stadium, Park Lane Square, London Borough of Haringey, London, Greater London, England, N17 0AP, United Kingdom",2014-08-28 19:45 (BST),16.9
"qua, 24/09/14",15:45,White Hart Lane,Greater London,United Kingdom,"Tottenham Hotspur Stadium, Park Lane Square, London Borough of Haringey, London, Greater London, England, N17 0AP, United Kingdom",2014-09-24 19:45 (BST),13.1
"qui, 02/10/14",16:05,White Hart Lane,Greater London,United Kingdom,"Tottenham Hotspur Stadium, Park Lane Square, London Borough of Haringey, London, Greater London, England, N17 0AP, United Kingdom",2014-10-02 20:05 (BST),16.3
"qui, 23/10/14",17:05,White Hart Lane,Greater London,United Kingdom,"Tottenham Hotspur Stadium, Park Lane Square, London Borough of Haringey, London, Greater London, England, N17 0AP, United Kingdom",2014-10-23 20:05 (BST),15.0
"qua, 29/10/14",17:45,White Hart Lane,Greater London,United Kingdom,"Tottenham Hotspur Stadium, Park Lane Square, London Borough of Haringey, London, Greater London, England, N17 0AP, United Kingdom",2014-10-29 19:45 (GMT),12.8
"dom, 02/11/14",14:00,Villa Park,West Midlands,United Kingdom,"Villa Park, Trinity Road, Aston, Birmingham, West Midlands, England, B6 6HE, United Kingdom",2014-11-02 16:00 (GMT),11.0
"qui, 06/11/14",16:00,Gipedo Theodoros Kolokotronis,Tripoli,Greece,"Gipedo Theodoros Kolokotronis, Tripoli, Grécia",2014-11-06 22:00 (EEST),15.0
"dom, 23/11/14",14:00,MKM Stadium,Hull and East Yorkshire,United Kingdom,"MKM Stadium, The Circle, Avenues, Hull, Kingston upon Hull, Hull and East Yorkshire, England, HU3 6HU, United Kingdom",2014-11-23 16:00 (GMT),7.9
"dom, 14/12/14",14:00,Swansea.com Stadium,Swansea,United Kingdom,"Swansea.com Stadium, Brunel Way, Plasmarl, Landore, Swansea, Cymru / Wales, SA1 2FA, United Kingdom",2014-12-14 16:00 (GMT),
"qua, 17/12/14",17:45,White Hart Lane,Greater London,United Kingdom,"Tottenham Hotspur Stadium, Park Lane Square, London Borough of Haringey, London, Greater London, England, N17 0AP, United Kingdom",2014-12-17 19:45 (GMT),11.7
"sáb, 20/12/14",13:00,White Hart Lane,Greater London,United Kingdom,"Tottenham Hotspur Stadium, Park Lane Square, London Borough of Haringey, London, Greater London, England, N17 0AP, United Kingdom",2014-12-20 15:00 (GMT),9.1
"sex, 26/12/14",13:00,King Power Stadium,City of Leicester,United Kingdom,"King Power Stadium, Filbert Way, Bede Island, Leicester, City of Leicester, England, LE2 7FL, United Kingdom",2014-12-26 15:00 (GMT),3.2
"qui, 01/01/15",15:30,White Hart Lane,Greater London,United Kingdom,"Tottenham Hotspur Stadium, Park Lane Square, London Borough of Haringey, London, Greater London, England, N17 0AP, United Kingdom",2015-01-01 17:30 (GMT),10.0
"sáb, 10/01/15",15:30,Selhurst Park,Greater London,United Kingdom,"Selhurst Park, Whitehorse Lane, Thornton Heath, London Borough of Croydon, London, Greater London, England, SE25 6PU, United Kingdom",2015-01-10 17:30 (GMT),6.4
"sáb, 31/01/15",13:00,The Hawthorns,West Midlands,United Kingdom,"The Hawthorns, Halfords Lane, West Bromwich, Sandwell, West Midlands, England, B71 4LF, United Kingdom",2015-01-31 15:00 (GMT),4.9
"sáb, 07/02/15",10:45,White Hart Lane,Greater London,United Kingdom,"Tottenham Hotspur Stadium, Park Lane Square, London Borough of Haringey, London, Greater London, England, N17 0AP, United Kingdom",2015-02-07 12:45 (GMT),5.0
"ter, 10/02/15",18:00,Anfield,Liverpool City Region,United Kingdom,"Anfield, Anfield Road, Cabbage Hall, Anfield, Liverpool, Liverpool City Region, England, L4 0TH, United Kingdom",2015-02-10 20:00 (GMT),2.8
"dom, 22/02/15",09:00,White Hart Lane,Greater London,United Kingdom,"Tottenham Hotspur Stadium, Park Lane Square, London Borough of Haringey, London, Greater London, England, N17 0AP, United Kingdom",2015-02-22 12:00 (GMT),6.6
"sáb, 07/03/15",12:00,Loftus Road Stadium,Greater London,United Kingdom,"MATRADE Loftus Road Stadium, South Africa Road, Shepherd's Bush, London Borough of Hammersmith and Fulham, London, Greater London, England, W12 7PA, United Kingdom",2015-03-07 15:00 (GMT),15.8
"sáb, 21/03/15",12:00,White Hart Lane,Greater London,United Kingdom,"Tottenham Hotspur Stadium, Park Lane Square, London Borough of Haringey, London, Greater London, England, N17 0AP, United Kingdom",2015-03-21 15:00 (GMT),7.5
"dom, 19/04/15",12:00,St James' Park,North East,United Kingdom,"St. James' Park, Barrack Road, Grainger Town, Newcastle upon Tyne, Tyne and Wear, North East, England, NE1 4ST, United Kingdom",2015-04-19 16:00 (BST),9.0
"dom, 24/05/15",11:00,Goodison Park,Liverpool City Region,United Kingdom,"Goodison Park, Goodison Road, Walton, Liverpool, Liverpool City Region, England, L4 4EL, United Kingdom",2015-05-24 15:00 (BST),13.1
"sáb, 26/09/15",08:45,White Hart Lane,Greater London,United Kingdom,"Tottenham Hotspur Stadium, Park Lane Square, London Borough of Haringey, London, Greater London, England, N17 0AP, United Kingdom",2015-09-26 12:45 (BST),16.9
"dom, 25/10/15",12:05,Vitality Stadium,Christchurch and Poole,United Kingdom,"Vitality Stadium, Middleton Gardens, Littledown, Bournemouth, Bournemouth, Christchurch and Poole, England, BH7 7AF, United Kingdom",2015-10-25 14:05 (GMT),12.8
"seg, 02/11/15",18:00,White Hart Lane,Greater London,United Kingdom,"Tottenham Hotspur Stadium, Park Lane Square, London Borough of Haringey, London, Greater London, England, N17 0AP, United Kingdom",2015-11-02 20:00 (GMT),11.0
"qui, 05/11/15",18:05,White Hart Lane,Greater London,United Kingdom,"Tottenham Hotspur Stadium, Park Lane Square, London Borough of Haringey, London, Greater London, England, N17 0AP, United Kingdom",2015-11-05 20:05 (GMT),14.8
"dom, 08/11/15",14:00,Emirates Stadium,Greater London,United Kingdom,"Emirates Stadium, 75, Drayton Park, Lower Holloway, Finsbury Park, London Borough of Islington, London, Greater London, England, N5 1BU, United Kingdom",2015-11-08 16:00 (GMT),15.9
"dom, 22/11/15",14:00,White Hart Lane,Greater London,United Kingdom,"Tottenham Hotspur Stadium, Park Lane Square, London Borough of Haringey, London, Greater London, England, N17 0AP, United Kingdom",2015-11-22 16:00 (GMT),5.0
"qui, 26/11/15",16:00,Tofiq Bahramov Republican Stadium,Tofiq Bəhramov adına Respublika stadionu,Azərbaycan,"Tofiq Bəhramov adına Respublika stadionu, Əhməd bəy Ağaoğlu küç., Bakı İnzibati Ərazisi, Azərbaycan",2015-11-26 22:00 (+04),
"sáb, 19/12/15",13:00,St Mary's Stadium,Southampton,United Kingdom,"St. Mary's Stadium, Britannia Road, Belvidere, Northam, Southampton, England, SO14 5FP, United Kingdom",2015-12-19 15:00 (GMT),13.7
"sáb, 26/12/15",13:00,White Hart Lane,Greater London,United Kingdom,"Tottenham Hotspur Stadium, Park Lane Square, London Borough of Haringey, London, Greater London, England, N17 0AP, United Kingdom",2015-12-26 15:00 (GMT),14.4
"dom, 10/01/16",14:00,White Hart Lane,Greater London,United Kingdom,"Tottenham Hotspur Stadium, Park Lane Square, London Borough of Haringey, London, Greater London, England, N17 0AP, United Kingdom",2016-01-10 16:00 (GMT),6.7
"sáb, 16/01/16",10:45,White Hart Lane,Greater London,United Kingdom,"Tottenham Hotspur Stadium, Park Lane Square, London Borough of Haringey, London, Greater London, England, N17 0AP, United Kingdom",2016-01-16 12:45 (GMT),4.0
"sáb, 23/01/16",13:00,Selhurst Park,Greater London,United Kingdom,"Selhurst Park, Whitehorse Lane, Thornton Heath, London Borough of Croydon, London, Greater London, England, SE25 6PU, United Kingdom",2016-01-23 15:00 (GMT),9.6
"ter, 02/02/16",17:45,Carrow Road,Norfolk,United Kingdom,"Carrow Road Stadium, Carrow Road, Thorpe Hamlet, Norwich, Norfolk, England, NR1 1JE, United Kingdom",2016-02-02 21:45,3.9
"dom, 14/02/16",14:15,Etihad Stadium,Greater Manchester,United Kingdom,"Etihad Stadium, Joe Mercer Way, Bradford, Manchester, Greater Manchester, England, M11 3FF, United Kingdom",2016-02-14 16:15 (GMT),3.8
"sáb, 05/03/16",09:45,White Hart Lane,Greater London,United Kingdom,"Tottenham Hotspur Stadium, Park Lane Square, London Borough of Haringey, London, Greater London, England, N17 0AP, United Kingdom",2016-03-05 12:45 (GMT),5.9
"dom, 13/03/16",13:00,Villa Park,West Midlands,United Kingdom,"Villa Park, Trinity Road, Aston, Birmingham, West Midlands, England, B6 6HE, United Kingdom",2016-03-13 16:00 (GMT),9.2
"dom, 20/03/16",13:00,White Hart Lane,Greater London,United Kingdom,"Tottenham Hotspur Stadium, Park Lane Square, London Borough of Haringey, London, Greater London, England, N17 0AP, United Kingdom",2016-03-20 16:00 (GMT),9.9
"sáb, 02/04/16",13:30,Anfield,Liverpool City Region,United Kingdom,"Anfield, Anfield Road, Cabbage Hall, Anfield, Liverpool, Liverpool City Region, England, L4 0TH, United Kingdom",2016-04-02 17:30 (BST),11.2
"seg, 18/04/16",16:00,bet365 Stadium,Stoke-on-Trent,United Kingdom,"bet365 Stadium, Stanley Matthews Way, Sideway, Fenton, Stoke-on-Trent, England, ST4 4EG, United Kingdom",2016-04-18 20:00 (BST),8.0
"seg, 02/05/16",16:00,Stamford Bridge,Greater London,United Kingdom,"Stamford Bridge, Britannia Gate, Walham Green, Fulham, London Borough of Hammersmith and Fulham, London, Greater London, England, SW6 1HD, United Kingdom",2016-05-02 20:00 (BST),11.3
"sáb, 10/09/16",11:00,bet365 Stadium,Stoke-on-Trent,United Kingdom,"bet365 Stadium, Stanley Matthews Way, Sideway, Fenton, Stoke-on-Trent, England, ST4 4EG, United Kingdom",2016-09-10 15:00 (BST),15.3
"dom, 18/09/16",12:30,White Hart Lane,Greater London,United Kingdom,"Tottenham Hotspur Stadium, Park Lane Square, London Borough of Haringey, London, Greater London, England, N17 0AP, United Kingdom",2016-09-18 16:30 (BST),18.9
"dom, 06/11/16",10:00,Emirates Stadium,Greater London,United Kingdom,"Emirates Stadium, 75, Drayton Park, Lower Holloway, Finsbury Park, London Borough of Islington, London, Greater London, England, N5 1BU, United Kingdom",2016-11-06 12:00 (GMT),7.8
"sáb, 19/11/16",15:30,White Hart Lane,Greater London,United Kingdom,"Tottenham Hotspur Stadium, Park Lane Square, London Borough of Haringey, London, Greater London, England, N17 0AP, United Kingdom",2016-11-19 17:30 (GMT),5.8
"ter, 22/11/16",17:45,Stade Louis-II,Fontvieille,Monaco,"Stade Louis-II, Rue du Campanin, Fontvieille, Monaco, 98020, Monaco",2016-11-22 22:45,17.7
"sáb, 03/12/16",13:00,White Hart Lane,Greater London,United Kingdom,"Tottenham Hotspur Stadium, Park Lane Square, London Borough of Haringey, London, Greater London, England, N17 0AP, United Kingdom",2016-12-03 15:00 (GMT),6.8
"qua, 07/12/16",17:45,Wembley Stadium,Greater London,United Kingdom,"Wembley Stadium, London, United Kingdom",2016-12-07 19:45:00,10.7
"qua, 28/12/16",17:45,St Mary's Stadium,Southampton,United Kingdom,"St. Mary's Stadium, Britannia Road, Belvidere, Northam, Southampton, England, SO14 5FP, United Kingdom",2016-12-28 19:45 (GMT),4.1
"dom, 01/01/17",11:30,Vicarage Road,Greater London,United Kingdom,"Vicarage Road, London Borough of Havering, London, Greater London, England, RM12 4AT, United Kingdom",2017-01-01 13:30 (GMT),9.3
"sáb, 14/01/17",10:30,White Hart Lane,Greater London,United Kingdom,"Tottenham Hotspur Stadium, Park Lane Square, London Borough of Haringey, London, Greater London, England, N17 0AP, United Kingdom",2017-01-14 12:30 (GMT),4.8
"sáb, 04/02/17",15:30,White Hart Lane,Greater London,United Kingdom,"Tottenham Hotspur Stadium, Park Lane Square, London Borough of Haringey, London, Greater London, England, N17 0AP, United Kingdom",2017-02-04 17:30 (GMT),6.4
"dom, 19/02/17",11:00,Craven Cottage,Greater London,United Kingdom,"Craven Cottage, Stevenage Road, Fulham, London Borough of Hammersmith and Fulham, London, Greater London, England, SW6 6HH, United Kingdom",2017-02-19 14:00 (GMT),11.6
"dom, 26/02/17",10:30,White Hart Lane,Greater London,United Kingdom,"Tottenham Hotspur Stadium, Park Lane Square, London Borough of Haringey, London, Greater London, England, N17 0AP, United Kingdom",2017-02-26 13:30 (GMT),11.3
"dom, 05/03/17",10:30,White Hart Lane,Greater London,United Kingdom,"Tottenham Hotspur Stadium, Park Lane Square, London Borough of Haringey, London, Greater London, England, N17 0AP, United Kingdom",2017-03-05 13:30 (GMT),9.5
"sáb, 15/04/17",08:30,White Hart Lane,Greater London,United Kingdom,"Tottenham Hotspur Stadium, Park Lane Square, London Borough of Haringey, London, Greater London, England, N17 0AP, United Kingdom",2017-04-15 12:30 (BST),12.8
"sáb, 22/04/17",13:15,Wembley Stadium,Greater London,United Kingdom,"Wembley Stadium, London, United Kingdom",2017-04-22 17:15 (BST),15.3
"dom, 30/04/17",12:30,White Hart Lane,Greater London,United Kingdom,"Tottenham Hotspur Stadium, Park Lane Square, London Borough of Haringey, London, Greater London, England, N17 0AP, United Kingdom",2017-04-30 16:30 (BST),15.5
"dom, 14/05/17",12:30,White Hart Lane,Greater London,United Kingdom,"Tottenham Hotspur Stadium, Park Lane Square, London Borough of Haringey, London, Greater London, England, N17 0AP, United Kingdom",2017-05-14 16:30 (BST),18.2
"qui, 18/05/17",15:45,King Power Stadium,City of Leicester,United Kingdom,"King Power Stadium, Filbert Way, Bede Island, Leicester, City of Leicester, England, LE2 7FL, United Kingdom",2017-05-18 19:45 (BST),10.8
"dom, 21/05/17",11:00,MKM Stadium,Hull and East Yorkshire,United Kingdom,"MKM Stadium, The Circle, Avenues, Hull, Kingston upon Hull, Hull and East Yorkshire, England, HU3 6HU, United Kingdom",2017-05-21 15:00 (BST),16.7
"sáb, 09/09/17",11:00,Goodison Park,Liverpool City Region,United Kingdom,"Goodison Park, Goodison Road, Walton, Liverpool, Liverpool City Region, England, L4 4EL, United Kingdom",2017-09-09 15:00 (BST),16.3
"qua, 13/09/17",15:45,Wembley Stadium,Greater London,United Kingdom,"Wembley Stadium, London, United Kingdom",2017-09-13 19:45 (BST),12.3
"sáb, 23/09/17",08:30,London Stadium,Greater London,United Kingdom,"London Stadium, Bridge 3, Stratford, London Borough of Newham, London, Greater London, England, E20 2ST, United Kingdom",2017-09-23 12:30,
"ter, 26/09/17",15:45,GSP Stadium,Επαρχία Λευκωσίας,Κύπρος - Kıbrıs,"Στάδιο ΓΣΠ, Αυτοκινητόδρομος Λεμεσού - Λευκωσίας, Απόστολος Βαρνάβας και Άγιος Μακάριος, Strovolos, Λευκωσία - Lefkoşa, Δήμος Στροβόλου, Επαρχία Λευκωσίας, Κύπρος, 2033, Κύπρος - Kıbrıs",2017-09-26 21:45 (EEST),21.2
"sáb, 30/09/17",08:30,John Smith's Stadium,West Yorkshire,United Kingdom,"John Smith’s Stadium, Stadium Way, Grove Place, Huddersfield, Kirklees, West Yorkshire, England, HD1 6PG, United Kingdom",2017-09-30 12:30 (BST),13.2
"dom, 22/10/17",13:00,Wembley Stadium,Greater London,United Kingdom,"Wembley Stadium, London, United Kingdom",2017-10-22 16:00 (BST),11.9
"ter, 21/11/17",17:45,SIGNAL IDUNA PARK,Dortmund,Deutschland,"SIGNAL IDUNA PARK, 50, Strobelallee, Innenstadt West, Dortmund, Nordrhein-Westfalen, 44139, Deutschland",2017-11-21 20:45 (CET),9.5
"sáb, 25/11/17",13:00,Wembley Stadium,Greater London,United Kingdom,"Wembley Stadium, London, United Kingdom",2017-11-25 15:00 (GMT),6.8
"ter, 28/11/17",17:45,King Power Stadium,City of Leicester,United Kingdom,"King Power Stadium, Filbert Way, Bede Island, Leicester, City of Leicester, England, LE2 7FL, United Kingdom",2017-11-28 19:45 (GMT),2.7
"sáb, 09/12/17",13:00,Wembley Stadium,Greater London,United Kingdom,"Wembley Stadium, London, United Kingdom",2017-12-09 15:00 (GMT),3.2
"sáb, 23/12/17",15:30,Turf Moor,Lancashire,United Kingdom,"Turf Moor, Harry Potts Way, Pike Hill, Fulledge, Burnley, Lancashire, England, BB10 4AX, United Kingdom",2017-12-23 17:30 (GMT),7.3
"ter, 26/12/17",10:30,Wembley Stadium,Greater London,United Kingdom,"Wembley Stadium, London, United Kingdom",2017-12-26 12:30 (GMT),6.6
"dom, 07/01/18",13:00,Wembley Stadium,Greater London,United Kingdom,"Wembley Stadium, London, United Kingdom",2018-01-07 15:00 (GMT),5.1
"sáb, 13/01/18",15:30,Wembley Stadium,Greater London,United Kingdom,"Wembley Stadium, London, United Kingdom",2018-01-13 17:30 (GMT),6.3
"dom, 21/01/18",14:00,St Mary's Stadium,Southampton,United Kingdom,"St. Mary's Stadium, Britannia Road, Belvidere, Northam, Southampton, England, SO14 5FP, United Kingdom",2018-01-21 16:00 (GMT),8.1
"sáb, 27/01/18",15:30,Rodney Parade,County Antrim,United Kingdom,"Rodney Parade, Upper Falls, Ballymurphy, Belfast, County Antrim, Northern Ireland / Tuaisceart Éireann, BT12 6HS, United Kingdom",2018-01-27 17:30 (GMT),
"dom, 04/02/18",14:30,Anfield,Liverpool City Region,United Kingdom,"Anfield, Anfield Road, Cabbage Hall, Anfield, Liverpool, Liverpool City Region, England, L4 0TH, United Kingdom",2018-02-04 16:30 (GMT),4.7
"sáb, 10/02/18",10:30,Wembley Stadium,Greater London,United Kingdom,"Wembley Stadium, London, United Kingdom",2018-02-10 12:30 (GMT),5.8
"ter, 13/02/18",17:45,Allianz Stadium,Greater London,United Kingdom,"Allianz Stadium, 200, Whitton Road, St Margarets, Twickenham, London, Greater London, England, TW2 7BA, United Kingdom",2018-02-13 19:45 (GMT),4.5
"dom, 18/02/18",13:00,Crown Oil Arena,Greater Manchester,United Kingdom,"Crown Oil Arena, Pearl Street, Spotland Bridge, Rochdale, Greater Manchester, England, OL11 5BD, United Kingdom",2018-02-18 16:00 (GMT),6.9
"dom, 25/02/18",09:00,Selhurst Park,Greater London,United Kingdom,"Selhurst Park, Whitehorse Lane, Thornton Heath, London Borough of Croydon, London, Greater London, England, SE25 6PU, United Kingdom",2018-02-25 12:00 (GMT),3.0
"sáb, 07/04/18",11:00,bet365 Stadium,Stoke-on-Trent,United Kingdom,"bet365 Stadium, Stanley Matthews Way, Sideway, Fenton, Stoke-on-Trent, England, ST4 4EG, United Kingdom",2018-04-07 15:00 (BST),10.8
"ter, 17/04/18",15:45,AMEX Stadium,East Sussex,United Kingdom,"Amex Stadium, Village Way, Falmer, Lewes, East Sussex, England, BN1 9BL, United Kingdom",2018-04-17 19:45 (BST),13.2
"seg, 30/04/18",16:00,Wembley Stadium,Greater London,United Kingdom,"Wembley Stadium, London, United Kingdom",2018-04-30 20:00 (BST),7.4
"qua, 09/05/18",16:00,Wembley Stadium,Greater London,United Kingdom,"Wembley Stadium, London, United Kingdom",2018-05-09 20:00 (BST),14.5
"dom, 13/05/18",11:00,Wembley Stadium,Greater London,United Kingdom,"Wembley Stadium, London, United Kingdom",2018-05-13 15:00 (BST),16.6
"sáb, 18/08/18",11:00,Wembley Stadium,Greater London,United Kingdom,"Wembley Stadium, London, United Kingdom",2018-08-18 15:00 (BST),20.7
"seg, 27/08/18",16:00,Old Trafford,Greater Manchester,United Kingdom,"Old Trafford, Sir Matt Busby Way, Wharfside, Stretford, Trafford, Greater Manchester, England, M16 0RA, United Kingdom",2018-08-27 20:00 (BST),15.1
"sáb, 22/09/18",13:30,AMEX Stadium,East Sussex,United Kingdom,"Amex Stadium, Village Way, Falmer, Lewes, East Sussex, England, BN1 9BL, United Kingdom",2018-09-22 17:30 (BST),11.2
"sáb, 29/09/18",11:00,John Smith's Stadium,West Yorkshire,United Kingdom,"John Smith’s Stadium, Stadium Way, Grove Place, Huddersfield, Kirklees, West Yorkshire, England, HD1 6PG, United Kingdom",2018-09-29 15:00 (BST),12.8
"qua, 03/10/18",16:00,Wembley Stadium,Greater London,United Kingdom,"Wembley Stadium, London, United Kingdom",2018-10-03 20:00 (BST),12.8
"qua, 24/10/18",13:55,Philips Stadion,Noord-Brabant,Nederland,"Philips Stadion, Frederiklaan, Philipsdorp, Strijp, Eindhoven, Noord-Brabant, Nederland, 5616 NB, Nederland",2018-10-24 18:55 (CEST),13.2
"sáb, 03/11/18",16:45,Molineux Stadium,West Midlands,United Kingdom,"Molineux Stadium, Waterloo Road, Wolverhampton, West Midlands, England, WV1 4QR, United Kingdom",2018-11-03 19:45 (GMT),11.1
"ter, 06/11/18",18:00,Wembley Stadium,Greater London,United Kingdom,"Wembley Stadium, London, United Kingdom",2018-11-06 20:00 (GMT),14.0
"sáb, 24/11/18",15:30,Wembley Stadium,Greater London,United Kingdom,"Wembley Stadium, London, United Kingdom",2018-11-24 17:30 (GMT),8.0
"dom, 02/12/18",12:05,Emirates Stadium,Greater London,United Kingdom,"Emirates Stadium, 75, Drayton Park, Lower Holloway, Finsbury Park, London Borough of Islington, London, Greater London, England, N5 1BU, United Kingdom",2018-12-02 14:05 (GMT),14.3
"qua, 05/12/18",18:00,Wembley Stadium,Greater London,United Kingdom,"Wembley Stadium, London, United Kingdom",2018-12-05 20:00 (GMT),12.0
"dom, 23/12/18",14:00,Goodison Park,Liverpool City Region,United Kingdom,"Goodison Park, Goodison Road, Walton, Liverpool, Liverpool City Region, England, L4 4EL, United Kingdom",2018-12-23 16:00 (GMT),6.2
"qua, 26/12/18",13:00,Wembley Stadium,Greater London,United Kingdom,"Wembley Stadium, London, United Kingdom",2018-12-26 15:00 (GMT),9.2
"sáb, 29/12/18",13:00,Wembley Stadium,Greater London,United Kingdom,"Wembley Stadium, London, United Kingdom",2018-12-29 15:00 (GMT),12.4
"ter, 01/01/19",15:30,Cardiff City Stadium,Cardiff,United Kingdom,"Cardiff City Stadium, Leckwith Road, Leckwith, Canton, Cardiff, Cymru / Wales, CF11 8AZ, United Kingdom",2019-01-01 17:30 (GMT),
"sex, 04/01/19",17:45,Prenton Park,Liverpool City Region,United Kingdom,"Prenton Park, Mallory Road, Egerton Park, Birkenhead, Wirral, Liverpool City Region, England, CH42 6QT, United Kingdom",2019-01-04 21:45,6.0
"ter, 08/01/19",18:00,Wembley Stadium,Greater London,United Kingdom,"Wembley Stadium, London, United Kingdom",2019-01-08 20:00 (GMT),4.7
"sáb, 23/02/19",09:30,Turf Moor,Lancashire,United Kingdom,"Turf Moor, Harry Potts Way, Pike Hill, Fulledge, Burnley, Lancashire, England, BB10 4AX, United Kingdom",2019-02-23 12:30 (GMT),10.9
"sáb, 02/03/19",09:30,Wembley Stadium,Greater London,United Kingdom,"Wembley Stadium, London, United Kingdom",2019-03-02 12:30 (GMT),12.8
"ter, 05/03/19",17:00,SIGNAL IDUNA PARK,Dortmund,Deutschland,"SIGNAL IDUNA PARK, 50, Strobelallee, Innenstadt West, Dortmund, Nordrhein-Westfalen, 44139, Deutschland",2019-03-05 21:00 (CET),5.6
"sáb, 09/03/19",12:00,St Mary's Stadium,Southampton,United Kingdom,"St. Mary's Stadium, Britannia Road, Belvidere, Northam, Southampton, England, SO14 5FP, United Kingdom",2019-03-09 15:00 (GMT),10.4
"sáb, 10/08/19",13:30,Tottenham Hotspur Stadium,Greater London,United Kingdom,"Tottenham Hotspur Stadium, Park Lane Square, London Borough of Haringey, London, Greater London, England, N17 0AP, United Kingdom",2019-08-10 17:30 (BST),20.6
"dom, 01/09/19",12:30,Emirates Stadium,Greater London,United Kingdom,"Emirates Stadium, 75, Drayton Park, Lower Holloway, Finsbury Park, London Borough of Islington, London, Greater London, England, N5 1BU, United Kingdom",2019-09-01 16:30 (BST),20.3
"qua, 18/09/19",13:55,Stadio Georgios Karaiskakis,Περιφέρεια Αττικής,Ελλάς,"Γήπεδο Γεώργιος Καραϊσκάκης, Δαβάκη - Πίνδου, Νέο Φάληρο, 3η Κοινότητα Πειραιά, Πειραιάς, Δήμος Πειραιώς, Περιφερειακή Ενότητα Πειραιώς, Περιφέρεια Αττικής, Αποκεντρωμένη Διοίκηση Αττικής, 185 33, Ελλάς", 2019-09-18 19:55,
"sáb, 21/09/19",08:30,King Power Stadium,City of Leicester,United Kingdom,"King Power Stadium, Filbert Way, Bede Island, Leicester, City of Leicester, England, LE2 7FL, United Kingdom",2019-09-21 12:30 (BST),21.9
"sáb, 28/09/19",11:00,Tottenham Hotspur Stadium,Greater London,United Kingdom,"Tottenham Hotspur Stadium, Park Lane Square, London Borough of Haringey, London, Greater London, England, N17 0AP, United Kingdom",2019-09-28 15:00 (BST),18.2
"ter, 01/10/19",16:00,Tottenham Hotspur Stadium,Greater London,United Kingdom,"Tottenham Hotspur Stadium, Park Lane Square, London Borough of Haringey, London, Greater London, England, N17 0AP, United Kingdom",2019-10-01 20:00 (BST),12.2
"ter, 22/10/19",16:00,Tottenham Hotspur Stadium,Greater London,United Kingdom,"Tottenham Hotspur Stadium, Park Lane Square, London Borough of Haringey, London, Greater London, England, N17 0AP, United Kingdom",2019-10-22 20:00 (BST),8.1
"dom, 27/10/19",13:30,Anfield,Liverpool City Region,United Kingdom,"Anfield, Anfield Road, Cabbage Hall, Anfield, Liverpool, Liverpool City Region, England, L4 0TH, United Kingdom",2019-10-27 16:30 (GMT),10.4
"sáb, 23/11/19",09:30,London Stadium,Greater London,United Kingdom,"London Stadium, Bridge 3, Stratford, London Borough of Newham, London, Greater London, England, E20 2ST, United Kingdom",2019-11-23 13:30,
"ter, 26/11/19",17:00,Tottenham Hotspur Stadium,Greater London,United Kingdom,"Tottenham Hotspur Stadium, Park Lane Square, London Borough of Haringey, London, Greater London, England, N17 0AP, United Kingdom",2019-11-26 20:00 (GMT),10.4
"sáb, 07/12/19",12:00,Tottenham Hotspur Stadium,Greater London,United Kingdom,"Tottenham Hotspur Stadium, Park Lane Square, London Borough of Haringey, London, Greater London, England, N17 0AP, United Kingdom",2019-12-07 15:00 (GMT),10.3
"qui, 26/12/19",09:30,Tottenham Hotspur Stadium,Greater London,United Kingdom,"Tottenham Hotspur Stadium, Park Lane Square, London Borough of Haringey, London, Greater London, England, N17 0AP, United Kingdom",2019-12-26 12:30 (GMT),9.1
"sáb, 28/12/19",14:30,Carrow Road,Norfolk,United Kingdom,"Carrow Road Stadium, Carrow Road, Thorpe Hamlet, Norwich, Norfolk, England, NR1 1JE, United Kingdom",2019-12-28 18:30,7.9
"ter, 23/06/20",16:15,Tottenham Hotspur Stadium,Greater London,United Kingdom,"Tottenham Hotspur Stadium, Park Lane Square, London Borough of Haringey, London, Greater London, England, N17 0AP, United Kingdom",2020-06-23 20:15 (BST),23.7
"qui, 02/07/20",14:00,Bramall Lane,South Yorkshire,United Kingdom,"Bramall Lane, Little Sheffield, Highfield, Sheffield, South Yorkshire, England, S2 4SU, United Kingdom",2020-07-02 18:00 (BST),13.5
"qua, 15/07/20",14:00,St James' Park,North East,United Kingdom,"St. James' Park, Barrack Road, Grainger Town, Newcastle upon Tyne, Tyne and Wear, North East, England, NE1 4ST, United Kingdom",2020-07-15 18:00 (BST),15.9
"dom, 19/07/20",12:00,Tottenham Hotspur Stadium,Greater London,United Kingdom,"Tottenham Hotspur Stadium, Park Lane Square, London Borough of Haringey, London, Greater London, England, N17 0AP, United Kingdom",2020-07-19 16:00 (BST),19.4
"dom, 26/07/20",12:00,Selhurst Park,Greater London,United Kingdom,"Selhurst Park, Whitehorse Lane, Thornton Heath, London Borough of Croydon, London, Greater London, England, SE25 6PU, United Kingdom",2020-07-26 16:00 (BST),18.9
"qui, 17/09/20",13:00,Lokomotiv,Mirzo Ulug‘bek Tumani,Oʻzbekiston,"Локоматив, Yuzrabot ko'chasi, TTZ 1 dahasi, Mirzo Ulug‘bek Tumani, Toshkent, 100000, Oʻzbekiston",2020-09-17 21:00 (+05),12.1
"dom, 20/09/20",08:00,St Mary's Stadium,Southampton,United Kingdom,"St. Mary's Stadium, Britannia Road, Belvidere, Northam, Southampton, England, SO14 5FP, United Kingdom",2020-09-20 12:00 (BST),21.5
"qui, 24/09/20",15:00,Gradski Stadion Tetovo,Тетово,Северна Македонија,"Градски стадион, R1203, Тетово, Општина Тетово, 1200, Северна Македонија",2020-09-24 20:00,17.8
"qui, 01/10/20",16:00,Tottenham Hotspur Stadium,Greater London,United Kingdom,"Tottenham Hotspur Stadium, Park Lane Square, London Borough of Haringey, London, Greater London, England, N17 0AP, United Kingdom",2020-10-01 20:00 (BST),11.3
"dom, 04/10/20",12:30,Old Trafford,Greater Manchester,United Kingdom,"Old Trafford, Sir Matt Busby Way, Wharfside, Stretford, Trafford, Greater Manchester, England, M16 0RA, United Kingdom",2020-10-04 16:30 (BST),13.7
"dom, 18/10/20",12:30,Tottenham Hotspur Stadium,Greater London,United Kingdom,"Tottenham Hotspur Stadium, Park Lane Square, London Borough of Haringey, London, Greater London, England, N17 0AP, United Kingdom",2020-10-18 16:30 (BST),11.6
"dom, 01/11/20",16:15,Tottenham Hotspur Stadium,Greater London,United Kingdom,"Tottenham Hotspur Stadium, Park Lane Square, London Borough of Haringey, London, Greater London, England, N17 0AP, United Kingdom",2020-11-01 19:15 (GMT),16.7
"qui, 05/11/20",14:55,Huvepharma Arena,кв. Варош,България,"Хювефарма Арена, Васил Левски, кв. Варош, Разград, 7200, България",2020-11-05 19:55 (EET),9.1
"dom, 08/11/20",09:00,The Hawthorns,West Midlands,United Kingdom,"The Hawthorns, Halfords Lane, West Bromwich, Sandwell, West Midlands, England, B71 4LF, United Kingdom",2020-11-08 12:00 (GMT),11.9
"dom, 06/12/20",13:30,Tottenham Hotspur Stadium,Greater London,United Kingdom,"Tottenham Hotspur Stadium, Park Lane Square, London Borough of Haringey, London, Greater London, England, N17 0AP, United Kingdom",2020-12-06 16:30 (GMT),4.4
"dom, 13/12/20",11:15,Selhurst Park,Greater London,United Kingdom,"Selhurst Park, Whitehorse Lane, Thornton Heath, London Borough of Croydon, London, Greater London, England, SE25 6PU, United Kingdom",2020-12-13 14:15 (GMT),8.6
"qua, 23/12/20",14:30,bet365 Stadium,Stoke-on-Trent,United Kingdom,"bet365 Stadium, Stanley Matthews Way, Sideway, Fenton, Stoke-on-Trent, England, ST4 4EG, United Kingdom",2020-12-23 17:30 (GMT),4.8
"sáb, 02/01/21",09:30,Tottenham Hotspur Stadium,Greater London,United Kingdom,"Tottenham Hotspur Stadium, Park Lane Square, London Borough of Haringey, London, Greater London, England, N17 0AP, United Kingdom",2021-01-02 12:30 (GMT),4.0
"qua, 13/01/21",17:15,Tottenham Hotspur Stadium,Greater London,United Kingdom,"Tottenham Hotspur Stadium, Park Lane Square, London Borough of Haringey, London, Greater London, England, N17 0AP, United Kingdom",2021-01-13 20:15 (GMT),9.4
"dom, 17/01/21",11:00,Bramall Lane,South Yorkshire,United Kingdom,"Bramall Lane, Little Sheffield, Highfield, Sheffield, South Yorkshire, England, S2 4SU, United Kingdom",2021-01-17 14:00 (GMT),5.4
"dom, 07/02/21",09:00,Tottenham Hotspur Stadium,Greater London,United Kingdom,"Tottenham Hotspur Stadium, Park Lane Square, London Borough of Haringey, London, Greater London, England, N17 0AP, United Kingdom",2021-02-07 12:00 (GMT),0.9
"qua, 10/02/21",17:15,Goodison Park,Liverpool City Region,United Kingdom,"Goodison Park, Goodison Road, Walton, Liverpool, Liverpool City Region, England, L4 4EL, United Kingdom",2021-02-10 20:15 (GMT),-1.4
"dom, 28/02/21",11:00,Tottenham Hotspur Stadium,Greater London,United Kingdom,"Tottenham Hotspur Stadium, Park Lane Square, London Borough of Haringey, London, Greater London, England, N17 0AP, United Kingdom",2021-02-28 14:00 (GMT),8.2
"dom, 07/03/21",16:15,Tottenham Hotspur Stadium,Greater London,United Kingdom,"Tottenham Hotspur Stadium, Park Lane Square, London Borough of Haringey, London, Greater London, England, N17 0AP, United Kingdom",2021-03-07 19:15 (GMT),3.5
"qui, 11/03/21",17:00,Tottenham Hotspur Stadium,Greater London,United Kingdom,"Tottenham Hotspur Stadium, Park Lane Square, London Borough of Haringey, London, Greater London, England, N17 0AP, United Kingdom",2021-03-11 20:00 (GMT),6.5
"dom, 21/03/21",16:30,Villa Park,West Midlands,United Kingdom,"Villa Park, Trinity Road, Aston, Birmingham, West Midlands, England, B6 6HE, United Kingdom",2021-03-21 20:30,7.6
"dom, 04/04/21",10:05,St James' Park,North East,United Kingdom,"St. James' Park, Barrack Road, Grainger Town, Newcastle upon Tyne, Tyne and Wear, North East, England, NE1 4ST, United Kingdom",2021-04-04 14:05 (BST),9.1
"sex, 16/04/21",16:00,Goodison Park,Liverpool City Region,United Kingdom,"Goodison Park, Goodison Road, Walton, Liverpool, Liverpool City Region, England, L4 4EL, United Kingdom",2021-04-16 20:00 (BST),7.2
"dom, 16/05/21",10:05,Tottenham Hotspur Stadium,Greater London,United Kingdom,"Tottenham Hotspur Stadium, Park Lane Square, London Borough of Haringey, London, Greater London, England, N17 0AP, United Kingdom",2021-05-16 14:05 (BST),12.7
"dom, 23/05/21",12:00,King Power Stadium,City of Leicester,United Kingdom,"King Power Stadium, Filbert Way, Bede Island, Leicester, City of Leicester, England, LE2 7FL, United Kingdom",2021-05-23 16:00 (BST),11.4
"qui, 26/08/21",15:45,Tottenham Hotspur Stadium,Greater London,United Kingdom,"Tottenham Hotspur Stadium, Park Lane Square, London Borough of Haringey, London, Greater London, England, N17 0AP, United Kingdom",2021-08-26 19:45 (BST),16.6
"qua, 22/09/21",15:45,Molineux Stadium,West Midlands,United Kingdom,"Molineux Stadium, Waterloo Road, Wolverhampton, West Midlands, England, WV1 4QR, United Kingdom",2021-09-22 19:45 (BST),14.8
"qui, 30/09/21",16:00,Tottenham Hotspur Stadium,Greater London,United Kingdom,"Tottenham Hotspur Stadium, Park Lane Square, London Borough of Haringey, London, Greater London, England, N17 0AP, United Kingdom",2021-09-30 20:00 (BST),14.7
"dom, 17/10/21",12:30,St James' Park,North East,United Kingdom,"St. James' Park, Barrack Road, Grainger Town, Newcastle upon Tyne, Tyne and Wear, North East, England, NE1 4ST, United Kingdom",2021-10-17 16:30 (BST),15.8
"qui, 25/11/21",14:45,Ljudski Vrt,Ljudski Vrt,Slovenija,"Ljudski Vrt, Ptuj, 2250, Slovenija",2021-11-25 18:45 (CET),2.2
"dom, 19/12/21",13:30,Tottenham Hotspur Stadium,Greater London,United Kingdom,"Tottenham Hotspur Stadium, Park Lane Square, London Borough of Haringey, London, Greater London, England, N17 0AP, United Kingdom",2021-12-19 16:30 (GMT),3.7
"dom, 26/12/21",12:00,Tottenham Hotspur Stadium,Greater London,United Kingdom,"Tottenham Hotspur Stadium, Park Lane Square, London Borough of Haringey, London, Greater London, England, N17 0AP, United Kingdom",2021-12-26 15:00 (GMT),8.8
"ter, 28/12/21",12:00,St Mary's Stadium,Southampton,United Kingdom,"St. Mary's Stadium, Britannia Road, Belvidere, Northam, Southampton, England, SO14 5FP, United Kingdom",2021-12-28 15:00 (GMT),10.4
"dom, 09/01/22",11:00,Tottenham Hotspur Stadium,Greater London,United Kingdom,"Tottenham Hotspur Stadium, Park Lane Square, London Borough of Haringey, London, Greater London, England, N17 0AP, United Kingdom",2022-01-09 14:00 (GMT),7.6
"qua, 19/01/22",16:30,King Power Stadium,City of Leicester,United Kingdom,"King Power Stadium, Filbert Way, Bede Island, Leicester, City of Leicester, England, LE2 7FL, United Kingdom",2022-01-19 19:30 (GMT),4.4
"sáb, 05/02/22",17:00,Tottenham Hotspur Stadium,Greater London,United Kingdom,"Tottenham Hotspur Stadium, Park Lane Square, London Borough of Haringey, London, Greater London, England, N17 0AP, United Kingdom",2022-02-05 20:00 (GMT),9.8
"sáb, 19/02/22",14:30,Etihad Stadium,Greater Manchester,United Kingdom,"Etihad Stadium, Joe Mercer Way, Bradford, Manchester, Greater Manchester, England, M11 3FF, United Kingdom",2022-02-19 17:30 (GMT),2.4
"sáb, 26/02/22",09:30,Elland Road,Greater London,United Kingdom,"Elland Road, Tappesfield Estate, Nunhead, London Borough of Southwark, London, Greater London, England, SE15 3AD, United Kingdom",2022-02-26 12:30 (GMT),10.7
"seg, 07/03/22",17:00,Tottenham Hotspur Stadium,Greater London,United Kingdom,"Tottenham Hotspur Stadium, Park Lane Square, London Borough of Haringey, London, Greater London, England, N17 0AP, United Kingdom",2022-03-07 20:00 (GMT),4.0
"sáb, 12/03/22",14:30,Old Trafford,Greater Manchester,United Kingdom,"Old Trafford, Sir Matt Busby Way, Wharfside, Stretford, Trafford, Greater Manchester, England, M16 0RA, United Kingdom",2022-03-12 17:30 (GMT),10.3
"qua, 16/03/22",16:30,AMEX Stadium,East Sussex,United Kingdom,"Amex Stadium, Village Way, Falmer, Lewes, East Sussex, England, BN1 9BL, United Kingdom",2022-03-16 19:30 (GMT),9.2
"dom, 01/05/22",10:00,Tottenham Hotspur Stadium,Greater London,United Kingdom,"Tottenham Hotspur Stadium, Park Lane Square, London Borough of Haringey, London, Greater London, England, N17 0AP, United Kingdom",2022-05-01 14:00 (BST),12.9
"qui, 12/05/22",15:45,Tottenham Hotspur Stadium,Greater London,United Kingdom,"Tottenham Hotspur Stadium, Park Lane Square, London Borough of Haringey, London, Greater London, England, N17 0AP, United Kingdom",2022-05-12 19:45 (BST),14.0
"dom, 15/05/22",08:00,Tottenham Hotspur Stadium,Greater London,United Kingdom,"Tottenham Hotspur Stadium, Park Lane Square, London Borough of Haringey, London, Greater London, England, N17 0AP, United Kingdom",2022-05-15 12:00 (BST),17.1
"dom, 22/05/22",12:00,Carrow Road,Norfolk,United Kingdom,"Carrow Road Stadium, Carrow Road, Thorpe Hamlet, Norwich, Norfolk, England, NR1 1JE, United Kingdom",2022-05-22 16:00,20.9
"dom, 14/08/22",12:30,Stamford Bridge,Greater London,United Kingdom,"Stamford Bridge, Britannia Gate, Walham Green, Fulham, London Borough of Hammersmith and Fulham, London, Greater London, England, SW6 1HD, United Kingdom",2022-08-14 16:30 (BST),32.0
"sáb, 20/08/22",08:30,Tottenham Hotspur Stadium,Greater London,United Kingdom,"Tottenham Hotspur Stadium, Park Lane Square, London Borough of Haringey, London, Greater London, England, N17 0AP, United Kingdom",2022-08-20 12:30 (BST),22.4
"dom, 28/08/22",12:30,The City Ground,East Midlands,United Kingdom,"The City Ground, Pavilion Road, Abbey Park, West Bridgford, City of Nottingham, Nottinghamshire, East Midlands, England, NG2 5FJ, United Kingdom",2022-08-28 16:30 (BST),22.4
"sáb, 03/09/22",11:00,Tottenham Hotspur Stadium,Greater London,United Kingdom,"Tottenham Hotspur Stadium, Park Lane Square, London Borough of Haringey, London, Greater London, England, N17 0AP, United Kingdom",2022-09-03 15:00 (BST),23.2
"sáb, 17/09/22",13:30,Tottenham Hotspur Stadium,Greater London,United Kingdom,"Tottenham Hotspur Stadium, Park Lane Square, London Borough of Haringey, London, Greater London, England, N17 0AP, United Kingdom",2022-09-17 17:30 (BST),16.4
"sáb, 01/10/22",08:30,Emirates Stadium,Greater London,United Kingdom,"Emirates Stadium, 75, Drayton Park, Lower Holloway, Finsbury Park, London Borough of Islington, London, Greater London, England, N5 1BU, United Kingdom",2022-10-01 12:30 (BST),17.5
"sáb, 08/10/22",13:30,AMEX Stadium,East Sussex,United Kingdom,"Amex Stadium, Village Way, Falmer, Lewes, East Sussex, England, BN1 9BL, United Kingdom",2022-10-08 17:30 (BST),13.8
"qua, 12/10/22",16:00,Tottenham Hotspur Stadium,Greater London,United Kingdom,"Tottenham Hotspur Stadium, Park Lane Square, London Borough of Haringey, London, Greater London, England, N17 0AP, United Kingdom",2022-10-12 20:00 (BST),14.0
"sáb, 15/10/22",13:30,Tottenham Hotspur Stadium,Greater London,United Kingdom,"Tottenham Hotspur Stadium, Park Lane Square, London Borough of Haringey, London, Greater London, England, N17 0AP, United Kingdom",2022-10-15 17:30 (BST),13.5
"dom, 23/10/22",12:30,Tottenham Hotspur Stadium,Greater London,United Kingdom,"Tottenham Hotspur Stadium, Park Lane Square, London Borough of Haringey, London, Greater London, England, N17 0AP, United Kingdom",2022-10-23 16:30 (BST),17.1
"dom, 06/11/22",13:30,Tottenham Hotspur Stadium,Greater London,United Kingdom,"Tottenham Hotspur Stadium, Park Lane Square, London Borough of Haringey, London, Greater London, England, N17 0AP, United Kingdom",2022-11-06 16:30 (GMT),11.9
"sáb, 12/11/22",12:00,Tottenham Hotspur Stadium,Greater London,United Kingdom,"Tottenham Hotspur Stadium, Park Lane Square, London Borough of Haringey, London, Greater London, England, N17 0AP, United Kingdom",2022-11-12 15:00 (GMT),15.5
"seg, 26/12/22",09:30,Gtech Community Stadium,Greater London,United Kingdom,"Gtech Community Stadium, Lionel Road South, Strand-on-the-Green, Brentford, London, Greater London, England, TW8 0NT, United Kingdom",2022-12-26 12:30 (GMT),7.1
"qua, 04/01/23",17:00,Selhurst Park,Greater London,United Kingdom,"Selhurst Park, Whitehorse Lane, Thornton Heath, London Borough of Croydon, London, Greater London, England, SE25 6PU, United Kingdom",2023-01-04 20:00 (GMT),10.9
"sáb, 07/01/23",09:30,Tottenham Hotspur Stadium,Greater London,United Kingdom,"Tottenham Hotspur Stadium, Park Lane Square, London Borough of Haringey, London, Greater London, England, N17 0AP, United Kingdom",2023-01-07 12:30 (GMT),10.7
"seg, 23/01/23",17:00,Craven Cottage,Greater London,United Kingdom,"Craven Cottage, Stevenage Road, Fulham, London Borough of Hammersmith and Fulham, London, Greater London, England, SW6 6HH, United Kingdom",2023-01-23 20:00 (GMT),3.8
"dom, 05/02/23",13:30,Tottenham Hotspur Stadium,Greater London,United Kingdom,"Tottenham Hotspur Stadium, Park Lane Square, London Borough of Haringey, London, Greater London, England, N17 0AP, United Kingdom",2023-02-05 17:30,5.5
"dom, 26/02/23",10:30,Tottenham Hotspur Stadium,Greater London,United Kingdom,"Tottenham Hotspur Stadium, Park Lane Square, London Borough of Haringey, London, Greater London, England, N17 0AP, United Kingdom",2023-02-26 14:30,6.5
"sáb, 11/03/23",12:00,Tottenham Hotspur Stadium,Greater London,United Kingdom,"Tottenham Hotspur Stadium, Park Lane Square, London Borough of Haringey, London, Greater London, England, N17 0AP, United Kingdom",2023-03-11 16:00,7.2
"sáb, 18/03/23",12:00,St Mary's Stadium,Southampton,United Kingdom,"St. Mary's Stadium, Britannia Road, Belvidere, Northam, Southampton, England, SO14 5FP, United Kingdom",2023-03-18 15:00 (GMT),12.3
"seg, 03/04/23",16:00,Goodison Park,Liverpool City Region,United Kingdom,"Goodison Park, Goodison Road, Walton, Liverpool, Liverpool City Region, England, L4 4EL, United Kingdom",2023-04-03 20:00 (BST),8.7
"sáb, 08/04/23",11:00,Tottenham Hotspur Stadium,Greater London,United Kingdom,"Tottenham Hotspur Stadium, Park Lane Square, London Borough of Haringey, London, Greater London, England, N17 0AP, United Kingdom",2023-04-08 15:00,14.3
"dom, 23/04/23",10:00,St James' Park,North East,United Kingdom,"St. James' Park, Barrack Road, Grainger Town, Newcastle upon Tyne, Tyne and Wear, North East, England, NE1 4ST, United Kingdom",2023-04-23 14:00 (BST),9.9
"dom, 30/04/23",12:30,Anfield,Liverpool City Region,United Kingdom,"Anfield, Anfield Road, Cabbage Hall, Anfield, Liverpool, Liverpool City Region, England, L4 0TH, United Kingdom",2023-04-30 16:30 (BST),15.0
"sáb, 06/05/23",11:00,Tottenham Hotspur Stadium,Greater London,United Kingdom,"Tottenham Hotspur Stadium, Park Lane Square, London Borough of Haringey, London, Greater London, England, N17 0AP, United Kingdom",2023-05-06 15:00,13.6
"sáb, 13/05/23",11:00,Villa Park,West Midlands,United Kingdom,"Villa Park, Trinity Road, Aston, Birmingham, West Midlands, England, B6 6HE, United Kingdom",2023-05-13 15:00 (BST),14.7
"sáb, 20/05/23",08:30,Tottenham Hotspur Stadium,Greater London,United Kingdom,"Tottenham Hotspur Stadium, Park Lane Square, London Borough of Haringey, London, Greater London, England, N17 0AP, United Kingdom",2023-05-20 12:30,18.0
"dom, 28/05/23",12:30,Elland Road,Greater London,United Kingdom,"Elland Road, Tappesfield Estate, Nunhead, London Borough of Southwark, London, Greater London, England, SE15 3AD, United Kingdom",2023-05-28 16:30 (BST),20.8
"sex, 18/08/23",15:30,Weserstadion,Bremen-Ost,Deutschland,"Weserstadion, 7, Franz-Böhmert-Straße, Peterswerder, Östliche Vorstadt, Bremen-Ost, Bremen, 28205, Deutschland",2023-08-18 20:30 (CEST),22.7
"dom, 27/08/23",12:30,Allianz Arena,München,Deutschland,"Allianz Arena, 5, Werner-Heisenberg-Allee, Freimann, Schwabing-Freimann, München, Bayern, 80939, Deutschland",2023-08-27 17:30 (CEST),15.5
"sex, 15/09/23",15:30,Allianz Arena,München,Deutschland,"Allianz Arena, 5, Werner-Heisenberg-Allee, Freimann, Schwabing-Freimann, München, Bayern, 80939, Deutschland",2023-09-15 20:30 (CEST),15.8
"qua, 20/09/23",16:00,Allianz Arena,München,Deutschland,"Allianz Arena, 5, Werner-Heisenberg-Allee, Freimann, Schwabing-Freimann, München, Bayern, 80939, Deutschland",2023-09-20 21:00 (CEST),15.6
"sáb, 23/09/23",10:30,Allianz Arena,München,Deutschland,"Allianz Arena, 5, Werner-Heisenberg-Allee, Freimann, Schwabing-Freimann, München, Bayern, 80939, Deutschland",2023-09-23 15:30 (CEST),14.6
"sáb, 30/09/23",13:30,Red Bull Arena,Leipzig,Deutschland,"Red Bull Arena, Am Sportforum, Waldstraßenviertel, Zentrum-Nordwest, Mitte, Leipzig, Sachsen, 04105, Deutschland",2023-09-30 18:30 (CEST),12.6
"sáb, 21/10/23",13:30,Mewa Arena,Mainz,Deutschland,"MEWA ARENA, 1, Eugen-Salomon-Straße, Bretzenheim, Mainz, Rheinland-Pfalz, 55128, Deutschland",2023-10-21 18:30 (CEST),12.7
"ter, 24/10/23",13:45,Ali Sami Yen Spor Kompleksi RAMS Park,Istambul,Turquia,"Huzur, Metin Oktay Caddesi, 34386 Sarıyer/İstanbul, Turquia",2023-10-24 19:45,
"sáb, 28/10/23",10:30,Allianz Arena,München,Deutschland,"Allianz Arena, 5, Werner-Heisenberg-Allee, Freimann, Schwabing-Freimann, München, Bayern, 80939, Deutschland",2023-10-28 15:30 (CEST),14.2
"sáb, 04/11/23",14:30,SIGNAL IDUNA PARK,Dortmund,Deutschland,"SIGNAL IDUNA PARK, 50, Strobelallee, Innenstadt West, Dortmund, Nordrhein-Westfalen, 44139, Deutschland",2023-11-04 18:30 (CET),9.6
"qua, 08/11/23",17:00,Allianz Arena,München,Deutschland,"Allianz Arena, 5, Werner-Heisenberg-Allee, Freimann, Schwabing-Freimann, München, Bayern, 80939, Deutschland",2023-11-08 21:00 (CET),3.7
"sáb, 11/11/23",11:30,Allianz Arena,München,Deutschland,"Allianz Arena, 5, Werner-Heisenberg-Allee, Freimann, Schwabing-Freimann, München, Bayern, 80939, Deutschland",2023-11-11 15:30 (CET),6.2
"sex, 24/11/23",16:30,RheinEnergieSTADION,Köln,Deutschland,"RheinEnergieSTADION, 999, Aachener Straße, Müngersdorf, Lindenthal, Köln, Nordrhein-Westfalen, 50933, Deutschland",2023-11-24 20:30 (CET),4.2
"dom, 17/12/23",15:30,Allianz Arena,München,Deutschland,"Allianz Arena, 5, Werner-Heisenberg-Allee, Freimann, Schwabing-Freimann, München, Bayern, 80939, Deutschland",2023-12-17 19:30 (CET),0.9
"qua, 20/12/23",16:30,Volkswagen Arena,Wolfsburg,Deutschland,"Volkswagen Arena, In den Allerwiesen, Hellwinkel, Wolfsburg, Niedersachsen, 38446, Deutschland",2023-12-20 20:30 (CET),4.2
"sex, 12/01/24",16:30,Allianz Arena,München,Deutschland,"Allianz Arena, 5, Werner-Heisenberg-Allee, Freimann, Schwabing-Freimann, München, Bayern, 80939, Deutschland",2024-01-12 20:30 (CET),-5.7
"sáb, 27/01/24",11:30,WWK ARENA,Augsburg,Deutschland,"WWK ARENA, 90, Bürgermeister-Ulrich-Straße, Universitätsviertel, Augsburg, Bayern, 86199, Deutschland",2024-01-27 15:30 (CET),5.3
"sáb, 03/02/24",11:30,Allianz Arena,München,Deutschland,"Allianz Arena, 5, Werner-Heisenberg-Allee, Freimann, Schwabing-Freimann, München, Bayern, 80939, Deutschland",2024-02-03 15:30 (CET),11.7
"dom, 18/02/24",13:30,Vonovia Ruhrstadion,Bochum,Deutschland,"Vonovia Ruhrstadion, 145, Castroper Straße, Innenstadt, Bochum-Mitte, Bochum, Nordrhein-Westfalen, 44791, Deutschland",2024-02-18 17:30 (CET),8.8
"sáb, 24/02/24",14:30,Allianz Arena,München,Deutschland,"Allianz Arena, 5, Werner-Heisenberg-Allee, Freimann, Schwabing-Freimann, München, Bayern, 80939, Deutschland",2024-02-24 18:30 (CET),5.2
"ter, 05/03/24",17:00,Allianz Arena,München,Deutschland,"Allianz Arena, 5, Werner-Heisenberg-Allee, Freimann, Schwabing-Freimann, München, Bayern, 80939, Deutschland",2024-03-05 21:00 (CET),5.9
"sáb, 09/03/24",11:30,Allianz Arena,München,Deutschland,"Allianz Arena, 5, Werner-Heisenberg-Allee, Freimann, Schwabing-Freimann, München, Bayern, 80939, Deutschland",2024-03-09 15:30 (CET),14.5
"sáb, 16/03/24",11:30,Merck-Stadion am Böllenfalltor,Darmstadt,Deutschland,"Merck-Stadion am Böllenfalltor, Waldlaufbahn, Darmstadt-Ost, Darmstadt, Hessen, 64287, Deutschland",2024-03-16 15:30 (CET),11.7
"sáb, 06/04/24",10:30,Voith-Arena,Landkreis Heidenheim,Deutschland,"Voith-Arena, 160, Schloßhaustraße, Mergelstetten, Heidenheim an der Brenz, Verwaltungsgemeinschaft Heidenheim an der Brenz, Landkreis Heidenheim, Baden-Württemberg, 89522, Deutschland",2024-04-06 15:30 (CEST),25.1
"ter, 09/04/24",16:00,Emirates Stadium,Greater London,United Kingdom,"Emirates Stadium, 75, Drayton Park, Lower Holloway, Finsbury Park, London Borough of Islington, London, Greater London, England, N5 1BU, United Kingdom",2024-04-09 20:00 (BST),9.6
"sáb, 20/04/24",13:30,Stadion An der Alten Försterei,Treptow-Köpenick,Deutschland,"Stadion An der Alten Försterei, 263, An der Wuhlheide, Wasserstadt Spindlersfeld, Köpenick, Treptow-Köpenick, Berlin, 12555, Deutschland",2024-04-20 18:30 (CEST),6.6
"sáb, 27/04/24",10:30,Allianz Arena,München,Deutschland,"Allianz Arena, 5, Werner-Heisenberg-Allee, Freimann, Schwabing-Freimann, München, Bayern, 80939, Deutschland",2024-04-27 15:30 (CEST),19.9
"ter, 30/04/24",16:00,Allianz Arena,München,Deutschland,"Allianz Arena, 5, Werner-Heisenberg-Allee, Freimann, Schwabing-Freimann, München, Bayern, 80939, Deutschland",2024-04-30 21:00 (CEST),17.1
"sáb, 04/05/24",10:30,MHPArena Stuttgart,Stuttgart,Deutschland,"MHPArena, 87, Mercedesstraße, Wasen, Bad Cannstatt, Stuttgart, Baden-Württemberg, 70372, Deutschland",2024-05-04 15:30 (CEST),18.5
"sex, 16/08/24",15:45,Donaustadion,Ulm,Deutschland,"Donaustadion, Rußstraße, Arbeitersiedlung Untere Bleiche, Oststadt, Ulm, Baden-Württemberg, 89073, Deutschland",2024-08-16 20:45 (CEST),21.1
"dom, 01/09/24",12:30,Allianz Arena,München,Deutschland,"Allianz Arena, 5, Werner-Heisenberg-Allee, Freimann, Schwabing-Freimann, München, Bayern, 80939, Deutschland",2024-09-01 17:30 (CEST),26.5
"sáb, 14/09/24",13:30,Holstein-Stadion,Kiel,Deutschland,"Holstein-Stadion, Westring, Wik, Kiel, Schleswig-Holstein, 24106, Deutschland",2024-09-14 18:30 (CEST),11.6
"ter, 17/09/24",16:00,Allianz Arena,München,Deutschland,"Allianz Arena, 5, Werner-Heisenberg-Allee, Freimann, Schwabing-Freimann, München, Bayern, 80939, Deutschland",2024-09-17 21:00 (CEST),10.6
"sáb, 21/09/24",10:30,Weserstadion,Bremen-Ost,Deutschland,"Weserstadion, 7, Franz-Böhmert-Straße, Peterswerder, Östliche Vorstadt, Bremen-Ost, Bremen, 28205, Deutschland",2024-09-21 15:30 (CEST),23.0
"sáb, 19/10/24",13:30,Allianz Arena,München,Deutschland,"Allianz Arena, 5, Werner-Heisenberg-Allee, Freimann, Schwabing-Freimann, München, Bayern, 80939, Deutschland",2024-10-19 18:30 (CEST),14.1
"qua, 23/10/24",16:00,Olímpic Lluís Companys,Barcelona,España,"Estadi Olímpic Lluís Companys, Passeig Olímpic, Montjuïc, el Poble-sec, Sants-Montjuïc, Barcelona, Barcelonès, Barcelona, Catalunya, 08004, España",2024-10-23 21:00,
"dom, 27/10/24",11:30,Vonovia Ruhrstadion,Bochum,Deutschland,"Vonovia Ruhrstadion, 145, Castroper Straße, Innenstadt, Bochum-Mitte, Bochum, Nordrhein-Westfalen, 44791, Deutschland",2024-10-27 15:30 (CET),15.2
"sáb, 02/11/24",11:30,Allianz Arena,München,Deutschland,"Allianz Arena, 5, Werner-Heisenberg-Allee, Freimann, Schwabing-Freimann, München, Bayern, 80939, Deutschland",2024-11-02 15:30 (CET),8.4
"sex, 22/11/24",16:30,Allianz Arena,München,Deutschland,"Allianz Arena, 5, Werner-Heisenberg-Allee, Freimann, Schwabing-Freimann, München, Bayern, 80939, Deutschland",2024-11-22 20:30 (CET),-0.3
"sáb, 11/01/25",14:30,Stadion im Borussia-Park,Mönchengladbach,Deutschland,"Borussia-Park, Hennes-Weisweiler-Allee, Rheindahlen-Land, West, Mönchengladbach, Nordrhein-Westfalen, 41179, Deutschland",2025-01-11 18:30 (CET),0.3
"qua, 15/01/25",16:30,Allianz Arena,München,Deutschland,"Allianz Arena, 5, Werner-Heisenberg-Allee, Freimann, Schwabing-Freimann, München, Bayern, 80939, Deutschland",2025-01-15 20:30 (CET),0.4
"sáb, 25/01/25",11:30,Europa-Park Stadion,Freiburg im Breisgau,Deutschland,"Europa-Park Stadion, 1, Achim-Stocker-Straße, Brühl-Industriegebiet, Brühl, Freiburg im Breisgau, Baden-Württemberg, 79108, Deutschland",2025-01-25 15:30 (CET),16.0
"qua, 29/01/25",17:00,Allianz Arena,München,Deutschland,"Allianz Arena, 5, Werner-Heisenberg-Allee, Freimann, Schwabing-Freimann, München, Bayern, 80939, Deutschland",2025-01-29 21:00 (CET),1.6
"sáb, 01/02/25",11:30,Allianz Arena,München,Deutschland,"Allianz Arena, 5, Werner-Heisenberg-Allee, Freimann, Schwabing-Freimann, München, Bayern, 80939, Deutschland",2025-02-01 15:30 (CET),2.7
"sex, 07/02/25",16:30,Allianz Arena,München,Deutschland,"Allianz Arena, 5, Werner-Heisenberg-Allee, Freimann, Schwabing-Freimann, München, Bayern, 80939, Deutschland",2025-02-07 20:30 (CET),0.7
"qua, 12/02/25",17:00,Celtic Park,Glasgow City,United Kingdom,"Celtic Park, Clyde Gateway, Bellgrove, Dalmarnock, Glasgow, Glasgow City, Alba / Scotland, G40 3RE, United Kingdom",2025-02-12 21:00,
"qua, 05/03/25",17:00,Allianz Arena,München,Deutschland,"Allianz Arena, 5, Werner-Heisenberg-Allee, Freimann, Schwabing-Freimann, München, Bayern, 80939, Deutschland",2025-03-05 21:00 (CET),5.2
"ter, 11/03/25",17:00,BayArena,Leverkusen,Deutschland,"BayArena, 122-124, Bismarckstraße, Küppersteg, Stadtbezirk II, Leverkusen, Nordrhein-Westfalen, 51373, Deutschland",2025-03-11 21:00 (CET),5.2
"sáb, 29/03/25",11:30,Allianz Arena,München,Deutschland,"Allianz Arena, 5, Werner-Heisenberg-Allee, Freimann, Schwabing-Freimann, München, Bayern, 80939, Deutschland",2025-03-29 15:30 (CET),8.9
"sex, 04/04/25",15:30,WWK ARENA,Augsburg,Deutschland,"WWK ARENA, 90, Bürgermeister-Ulrich-Straße, Universitätsviertel, Augsburg, Bayern, 86199, Deutschland",2025-04-04 20:30 (CEST),7.1
"qua, 16/04/25",16:00,Giuseppe Meazza,Matera,Italia,"Giuseppe Meazza, Via Amerigo Vespucci, Irsina, Matera, Basilicata, 75022, Italia",2025-04-16 21:00 (CEST),15.4
"sáb, 19/04/25",10:30,Voith-Arena,Landkreis Heidenheim,Deutschland,"Voith-Arena, 160, Schloßhaustraße, Mergelstetten, Heidenheim an der Brenz, Verwaltungsgemeinschaft Heidenheim an der Brenz, Landkreis Heidenheim, Baden-Württemberg, 89522, Deutschland",2025-04-19 15:30 (CEST),18.9
"sáb, 10/05/25",13:30,Allianz Arena,München,Deutschland,"Allianz Arena, 5, Werner-Heisenberg-Allee, Freimann, Schwabing-Freimann, München, Bayern, 80939, Deutschland",2025-05-10 18:30 (CEST),15.5
"sáb, 17/05/25",10:30,PreZero Arena,Rhein-Neckar-Kreis,Deutschland,"PreZero Arena, 1, Dietmar-Hopp-Straße, Sinsheim, Verwaltungsgemeinschaft Sinsheim, Rhein-Neckar-Kreis, Baden-Württemberg, 74889, Deutschland",2025-05-17 15:30 (CEST),17.6
"sex, 27/03/15",16:45,Wembley Stadium,Greater London,United Kingdom,"Wembley Stadium, London, United Kingdom",2015-03-27 20:45,7.5
"sáb, 05/09/15",13:00,San Marino Stadium,Dogana,San Marino,"San Marino Stadium, Via Rancaglia, Rancaglia, Dogana, Serravalle, 47899, San Marino",2015-09-05 18:00 (CEST),23.0
"ter, 08/09/15",15:45,Wembley Stadium,Greater London,United Kingdom,"Wembley Stadium, London, United Kingdom",2015-09-08 19:45,14.8
"sáb, 26/03/16",16:45,Olympiastadion Berlin,Charlottenburg-Wilmersdorf,Deutschland,"Olympiastadion Berlin, 3, Olympischer Platz, Westend, Charlottenburg-Wilmersdorf, Berlin, 14053, Deutschland",2016-03-26 20:45 (CET),6.9
"dom, 22/05/16",13:15,Etihad Stadium,Greater Manchester,United Kingdom,"Etihad Stadium, Joe Mercer Way, Bradford, Manchester, Greater Manchester, England, M11 3FF, United Kingdom",2016-05-22 17:15 (BST),14.2
"sáb, 10/06/17",13:00,Hampden Park,Glasgow City,United Kingdom,"Hampden Park, Letherby Drive, Hangingshaw, Mount Florida, Glasgow, Glasgow City, Alba / Scotland, G42 9BA, United Kingdom",2017-06-10 17:00 (BST),
"ter, 13/06/17",16:00,Stade de France,Seine-Saint-Denis,France,"Stade de France, Avenue du Stade de France, Franc-Moisin - Bel-Air - Stade de France, Saint-Denis, Seine-Saint-Denis, France métropolitaine, 93200, France",2017-06-13 21:00 (CEST),19.4
"sex, 01/09/17",15:45,Ta Qali,Ħ'Attard,Malta,"Ta' Qali, Ħ'Attard, Ċentrali, ATD 4000, Malta",2017-09-01 20:45 (CEST),25.1
"qui, 05/10/17",15:45,Wembley Stadium,Greater London,United Kingdom,"Wembley Stadium, London, United Kingdom",2017-10-05 19:45,11.4
"dom, 08/10/17",13:00,LFF Stadium,Vilniaus miesto savivaldybė,Lietuva,"LFF stadionas, 2, Stadiono g., Rasos, Rasų seniūnija, Vilnius, Vilniaus miesto savivaldybė, Vilniaus apskritis, 02106, Lietuva",2017-10-08 19:00 (EEST),7.0
"sáb, 02/06/18",13:15,Wembley Stadium,Greater London,United Kingdom,"Wembley Stadium, London, United Kingdom",2018-06-02 17:45,22.7
"seg, 18/06/18",15:00,Volgograd Arena,городской округ Волгоград,Россия,"Волгоград Арена, Нулевая Продольная магистраль, пос. Метизный, Центральный район, Волгоград, городской округ Волгоград, Волгоградская область, 400005, Россия",2018-06-18 21:00 (MSK),
"dom, 24/06/18",09:00,Nischni-Nowgorod-Stadion,Нижегородская область,Россия,"Стадион, Школьная улица, Ждановский, Кстовский муниципальный округ, Нижегородская область, Приволжский федеральный округ, 607684, Россия",2018-06-24 15:00 (MSK),30.8
"ter, 03/07/18",15:00,Lukoil Arena,Москва,Россия,"Лукойл Арена, вл67, Волоколамское шоссе (дублёр), район Покровское-Стрешнево, Москва, Центральный федеральный округ, 534876, Россия",2018-07-03 21:00 (MSK),14.7
"dom, 18/11/18",12:00,Wembley Stadium,Greater London,United Kingdom,"Wembley Stadium, London, United Kingdom",2018-11-18 16:00,10.0
"sex, 22/03/19",16:45,Wembley Stadium,Greater London,United Kingdom,"Wembley Stadium, London, United Kingdom",2019-03-22 20:45,10.2
"seg, 25/03/19",16:45,Pod Goricom,Podgorica,Crna Gora / Црна Гора,"Stadion pod Goricom, 19. Decembra, Podgorica, Glavni grad Podgorica, 81110, Crna Gora / Црна Гора",2019-03-25 20:45 (CET),
"sáb, 07/09/19",13:00,Wembley Stadium,Greater London,United Kingdom,"Wembley Stadium, London, United Kingdom",2019-09-07 17:00,16.8
"ter, 10/09/19",15:45,St Mary's Stadium,Southampton,United Kingdom,"St. Mary's Stadium, Britannia Road, Belvidere, Northam, Southampton, England, SO14 5FP, United Kingdom",2019-09-10 19:45 (BST),13.8
"sex, 11/10/19",15:45,Fortuna Arena,Hlavní město Praha,Česko,"Fortuna Arena, 1540/2a, U Slavie, Vršovice, Praha, obvod Praha 10, Hlavní město Praha, Praha, 100 00, Česko",2019-10-11 20:45 (CEST),
"seg, 14/10/19",15:45,Vasil Levski,,България,"Васил Левски, Търговище, България",2019-10-14 21:45 (EEST),8.0
"qui, 14/11/19",16:45,Wembley Stadium,Greater London,United Kingdom,"Wembley Stadium, London, United Kingdom",2019-11-14 20:45,5.4
"dom, 17/11/19",14:00,Stadiumi Fadil Vokrri,Komuna e Prishtinës / Opština Priština,Kosova / Kosovo,"Stadiumi Fadil Vokrri, Rinia, Arbëri, Qafa, Prishtinë, Komuna e Prishtinës / Opština Priština, Rajoni i Prishtinës / Prištinski okrug, 10000, Kosova / Kosovo",2019-11-17 18:00 (CET),
"dom, 28/03/21",13:00,Qemal Stafa,Shkodër,Shqipëria,"Qemal Stafa, Lagjja 4, Shkodër, Bashkia Shkodër, Qarku i Shkodrës, Shqipëria",2021-03-28 18:00 (CEST),15.8
"qua, 31/03/21",15:45,Wembley Stadium,Greater London,United Kingdom,"Wembley Stadium, London, United Kingdom",2021-03-31 19:45,15.1
"ter, 29/06/21",13:00,Wembley Stadium,Greater London,United Kingdom,"Wembley Stadium, London, United Kingdom",2021-06-29 17:00,15.3
"sáb, 03/07/21",16:00,Olimpico di Roma,Roma Capitale,Italia,"Stadio Olimpico, Viale dei Gladiatori, Municipio Roma XV, Roma, Roma Capitale, Lazio, 00135, Italia",2021-07-03 21:00 (CEST),23.6
"qua, 07/07/21",16:00,Wembley Stadium,Greater London,United Kingdom,"Wembley Stadium, London, United Kingdom",2021-07-07 20:00,16.8
"qui, 02/09/21",15:45,Puskás Aréna,Budapest,Magyarország,"Puskás Aréna, 3-5, Istvánmezei út, Istvánmező, XIV. kerület, Budapest, Közép-Magyarország, 1146, Magyarország",2021-09-02 20:45 (CEST),15.6
"dom, 05/09/21",13:00,Wembley Stadium,Greater London,United Kingdom,"Wembley Stadium, London, United Kingdom",2021-09-05 17:00,24.6
"qua, 08/09/21",15:45,PGE Narodowy,Warszawa,Polska,"Stadion Narodowy, Aleja Zieleniecka, Kamionek, Praga-Południe, Warszawa, województwo mazowieckie, 03-727, Polska",2021-09-08 20:45,15.1
"sex, 12/11/21",16:45,Wembley Stadium,Greater London,United Kingdom,"Wembley Stadium, London, United Kingdom",2021-11-12 20:45,11.6
"seg, 15/11/21",16:45,San Marino Stadium,Dogana,San Marino,"San Marino Stadium, Via Rancaglia, Rancaglia, Dogana, Serravalle, 47899, San Marino",2021-11-15 20:45 (CET),14.5
"sáb, 26/03/22",14:30,Wembley Stadium,Greater London,United Kingdom,"Wembley Stadium, London, United Kingdom",2022-03-26 18:30,15.5
"ter, 07/06/22",15:45,Allianz Arena,München,Deutschland,"Allianz Arena, 5, Werner-Heisenberg-Allee, Freimann, Schwabing-Freimann, München, Bayern, 80939, Deutschland",2022-06-07 20:45 (CEST),15.6
"seg, 26/09/22",15:45,Wembley Stadium,Greater London,United Kingdom,"Wembley Stadium, London, United Kingdom",2022-09-26 19:45,12.0
"dom, 04/12/22",16:00,Al-Bayt Stadium,استاد البيت,قطر,"استاد البيت, شارع 391, الخور والذخيرة, قطر",2022-12-04 22:00 (+03),23.0
"sáb, 10/12/22",16:00,Al-Bayt Stadium,استاد البيت,قطر,"استاد البيت, شارع 391, الخور والذخيرة, قطر",2022-12-10 22:00 (+03),19.0
"qui, 23/03/23",16:45,Diego Armando Maradona,Ushuaia,Argentina,"Diego Armando Maradona, Ushuaia, Departamento Ushuaia, Tierra del Fuego, Argentina",2023-03-23 16:45 (-03),8.5
"dom, 26/03/23",13:00,Wembley Stadium,Greater London,United Kingdom,"Wembley Stadium, London, United Kingdom",2023-03-26 17:00,8.2
"sex, 16/06/23",15:45,Ta Qali,Ħ'Attard,Malta,"Ta' Qali, Ħ'Attard, Ċentrali, ATD 4000, Malta",2023-06-16 20:45 (CEST),21.1
"seg, 19/06/23",15:45,Old Trafford,Greater Manchester,United Kingdom,"Old Trafford, Sir Matt Busby Way, Wharfside, Stretford, Trafford, Greater Manchester, England, M16 0RA, United Kingdom",2023-06-19 19:45 (BST),20.4
"ter, 12/09/23",15:45,Hampden Park,Glasgow City,United Kingdom,"Hampden Park, Letherby Drive, Hangingshaw, Mount Florida, Glasgow, Glasgow City, Alba / Scotland, G42 9BA, United Kingdom",2023-09-12 19:45 (BST),
"ter, 17/10/23",15:45,Wembley Stadium,Greater London,United Kingdom,"Wembley Stadium, London, United Kingdom",2023-10-17 19:45,12.1
"sex, 17/11/23",16:45,Wembley Stadium,Greater London,United Kingdom,"Wembley Stadium, London, United Kingdom",2023-11-17 20:45,7.9
"seg, 03/06/24",15:45,St James' Park,North East,United Kingdom,"St. James' Park, Barrack Road, Grainger Town, Newcastle upon Tyne, Tyne and Wear, North East, England, NE1 4ST, United Kingdom",2024-06-03 19:45 (BST),14.1
"qui, 20/06/24",13:00,Deutsche Bank Park,Frankfurt am Main,Deutschland,"Deutsche Bank Park, 362, Mörfelder Landstraße, Sachsenhausen Süd, Süd, Frankfurt am Main, Hessen, 60528, Deutschland",2024-06-20 18:00 (CEST),23.0
"dom, 30/06/24",13:00,Veltins-Arena,Gelsenkirchen,Deutschland,"VELTINS-Arena, 1, Rudi-Assauer-Platz, Erle-Berger Feld, Erle, Gelsenkirchen-Ost, Gelsenkirchen, Nordrhein-Westfalen, 45891, Deutschland",2024-06-30 18:00 (CEST),19.7
"qua, 10/07/24",16:00,SIGNAL IDUNA PARK,Dortmund,Deutschland,"SIGNAL IDUNA PARK, 50, Strobelallee, Innenstadt West, Dortmund, Nordrhein-Westfalen, 44139, Deutschland",2024-07-10 21:00 (CEST),19.1
"ter, 10/09/24",15:45,Wembley Stadium,Greater London,United Kingdom,"Wembley Stadium, London, United Kingdom",2024-09-10 19:45,11.4
"dom, 17/11/24",14:00,Wembley Stadium,Greater London,United Kingdom,"Wembley Stadium, London, United Kingdom",2024-11-17 18:00,8.3
"sex, 21/03/25",16:45,Wembley Stadium,Greater London,United Kingdom,"Wembley Stadium, London, United Kingdom",2025-03-21 20:45,12.9
"seg, 24/03/25",16:45,Wembley Stadium,Greater London,United Kingdom,"Wembley Stadium, London, United Kingdom",2025-03-24 20:45,6.7
"sáb, 07/06/25",13:00,RCDE Stadium,Barcelona,España,"RCDE Stadium, Splau parking, Cornellà de Llobregat, Baix Llobregat, Barcelona, Catalunya, 08940, España",2025-06-07 18:00 (CEST),23.8
"ter, 10/06/25",15:45,The City Ground,East Midlands,United Kingdom,"The City Ground, Pavilion Road, Abbey Park, West Bridgford, City of Nottingham, Nottinghamshire, East Midlands, England, NG2 5FJ, United Kingdom",2025-06-10 19:45 (BST),15.6
